Willi,373583,2
Anselma,476749,2
Noll,345909,2
Inessa,307055,2
Godart,423496,2
Sissie,393508,1
Allin,434824,1
Catharine,374286,2
Kore,319004,1
Cornell,325856,1
Mikkel,468023,1
Ross,383096,2
Robbie,434105,1
Cariotta,451072,1
Wendye,334066,2
Janey,494932,2
Nonna,303659,2
Franklin,460296,1
Kikelia,466208,2
Jade,497277,1
Traver,451487,2
Alain,304500,1
Jude,335189,2
Gaile,396638,2
Hilarius,352284,1
Bengt,463248,1
Brok,473778,1
Keri,345246,2
Ingar,488058,2
Almeta,422016,1
Hanny,460693,1
Mattias,337679,1
Cristabel,356625,1
Banky,320692,2
Karolina,487674,1
Osmond,397483,2
Essy,384638,1
Katha,320650,2
Dorey,476369,1
Harlan,499766,2
Jess,416688,1
Bevon,338526,2
Phaidra,367390,2
Arthur,341507,1
Krista,318817,1
Riki,470347,1
Jany,355970,1
Jane,399307,2
Phedra,470191,2
Conn,436363,2
Wendy,327985,1
Cristine,401982,1
Lek,389489,1
Rogerio,428090,1
Nikki,372321,2
Penrod,494075,2
Tamma,484586,1
Rhona,335827,1
Bobby,308589,2
Jyoti,306454,1
Aluino,386429,1
Rustin,360078,1
Mortie,473443,2
Anson,332631,1
Elvira,352928,2
Milo,476955,1
Luelle,322544,1
Robbie,309935,2
Cornie,425221,2
Gideon,401259,2
Wyn,430514,2
Bernhard,379803,2
Cherish,336386,2
Page,498418,2
Darelle,443513,2
Ted,314594,1
Christalle,320557,2
Wini,490064,2
Bunny,420658,1
Brenda,467174,1
Cort,388939,1
Samara,423193,1
Calida,390394,2
Audra,451600,2
Wendel,308909,1
Lorain,316230,1
Birch,485136,2
Gerianne,468863,1
Cesya,385406,2
Natty,476175,1
Phillipe,397080,2
Ase,310180,1
Lusa,354163,1
Reinaldos,415241,1
Stacee,406341,1
Rodolph,352132,2
Marthena,306780,2
Gwyneth,447756,2
Lonnie,418389,1
Hedy,426474,2
Minnnie,351507,1
Hugh,480261,1
Roch,450263,2
Angelika,468944,1
Olympia,339104,2
Enrica,423696,2
Nester,376777,2
Giuseppe,449030,2
Karie,362662,2
Leonerd,344486,2
Kellen,324913,1
Correna,371078,2
Pooh,463995,1
Charissa,357421,1
Lavinie,324443,2
Geordie,393727,1
Olia,354548,2
Davon,420125,2
Farris,421025,1
Lira,366235,1
Garik,434965,2
Ambrosio,392368,1
Marcille,354294,2
Jasen,346194,1
Guthrie,440618,2
Sophronia,315133,2
Tracey,456177,2
Mendie,432341,2
Alanson,463918,1
Kin,444571,2
Remus,465991,1
Jermaine,489177,1
Felizio,368157,1
Elonore,377748,2
Mirabella,467049,1
Lavena,424718,2
Husein,420700,2
Aland,454372,1
Cayla,326111,1
Shelden,396329,1
Roanna,399525,1
Rosalinde,491358,2
Chandler,307438,2
Demetris,369639,2
Carley,366693,2
Alicea,463210,2
Alina,383776,2
Godfry,346284,2
Mikkel,311544,2
Nadiya,443338,1
Shane,479883,2
Blake,365065,2
Elsey,482538,2
Reena,466258,2
Wyn,350590,1
Kahaleel,405681,1
Leandra,470497,2
Filippo,377169,1
Brigitta,472191,1
Agace,304849,2
Michele,352998,2
Cheslie,458826,1
Roddy,456498,1
Elaina,490096,2
Ben,482663,1
Vinson,385719,2
Massimo,463067,2
Kirsti,338813,2
Clarey,344394,2
Ilyssa,350547,1
Penrod,494264,2
Lexine,304296,1
Byrle,380608,2
Walton,380670,1
Teriann,341747,1
Emmit,424400,2
Patsy,416996,1
Farrell,358908,2
Brear,419992,1
Duffy,301899,1
Alley,329110,1
Diane,441326,1
Nat,470922,2
Sisile,469071,1
Aron,378838,1
Tandie,457381,2
Avery,308873,2
Udell,330247,1
Fawn,341368,1
Yorker,349769,1
Hannie,448904,2
Lotte,323425,1
Cyrus,497140,2
Marne,365312,2
Lolita,411960,1
Rorie,468673,2
Debee,429552,1
Garrott,461271,1
Gerrie,315735,1
Erwin,445342,1
Cyndie,403744,2
Loni,301330,2
Marcello,343248,2
Marketa,454362,2
Anetta,433561,2
Davidson,384408,2
Morgan,389285,1
Evy,321859,2
Raffaello,377716,1
Tyrus,427345,2
Whitney,471226,1
Carlee,443842,1
Anallese,341453,1
Garnet,419507,2
Kristi,479735,1
Dorotea,414796,1
Julianne,413113,1
Sallie,383595,2
Rudd,320684,2
Carlene,310767,1
Leanora,368991,2
Ermin,454619,2
Dionisio,475625,2
Gerick,319516,2
Kirstin,365711,1
Hugibert,497241,2
Cordelia,439709,2
Raven,385762,2
Caleb,412285,1
Edy,349012,1
Jackie,414781,1
Millie,371344,1
Saudra,376604,2
Camala,361434,2
Kassi,401436,2
Norry,369719,1
Shane,375327,2
Jeane,485430,2
Blayne,491679,1
Francois,323492,2
Roarke,324551,2
Mariele,333531,1
Cully,335890,2
Allsun,407234,1
Anthony,329683,2
Horace,426248,2
Kizzee,483928,2
Burnard,421583,1
Cullie,410145,2
Emmy,421416,2
Isidro,403252,1
Suzann,420409,2
Gradey,331161,2
Bernadina,300124,2
Jojo,355999,1
Rees,304014,2
Svend,497757,1
Shelden,462287,1
Kaye,432709,2
Josy,410039,1
Michele,322084,1
Cookie,336193,2
Andres,340695,1
Jeffry,458709,2
Jewelle,380650,2
Rube,406468,1
Emelita,405004,2
Vitoria,414702,2
Felita,333039,2
Kelsi,320337,1
Martie,362352,1
Stevena,405869,2
Carl,399194,2
Morey,483496,1
Kelcey,461617,2
Leelah,452310,1
Pattin,355014,1
Alejandro,316036,1
Hugues,394687,1
Arturo,309353,1
Arleyne,455939,1
Fraser,342110,2
Kamilah,399904,1
Ardeen,476140,1
Solly,453806,2
Antonietta,437553,1
Grete,467187,1
Filippa,465931,1
Brocky,388750,1
Vitia,483575,1
Yankee,497094,1
Lena,328989,2
Phaidra,415749,1
Lazar,399241,1
Lenora,434712,1
Dmitri,344391,2
Anya,429810,2
Sherrie,398420,2
Dee,361726,1
Scarlet,442577,2
Dee,363694,2
Laurie,390908,1
Teresina,494109,1
Rodolfo,451275,1
Madelon,499383,1
Chadd,496239,1
Shelden,456664,1
Yolane,386453,1
Rianon,433954,1
Agatha,365990,2
Bonnibelle,434164,2
Gerrard,466597,1
Elsey,317124,1
Harrietta,416559,2
Krystalle,351194,2
Nichol,326903,1
Margarete,493051,1
Currey,467805,2
Adlai,388456,2
Raye,471177,2
Prent,418039,2
Bryana,320421,1
Bondon,431367,1
Delcina,372630,1
Jen,363584,1
Zorina,496429,1
Renaldo,471824,1
Pieter,302243,2
Fee,361060,1
Gothart,337356,1
Darleen,303197,1
Theo,467761,2
Justino,366673,1
Derward,364830,2
Irina,360305,1
Eleanora,353945,2
Hale,486242,1
Shannen,390649,1
Birdie,375931,2
Borg,491228,1
Hale,305904,1
Chantal,329403,2
Nedi,329827,1
Christophorus,360486,1
Milt,311974,2
Melanie,489755,1
Demetre,410278,2
Guthry,319947,2
Winnie,357181,2
Trixi,486486,1
Kathi,433849,2
Stern,308151,1
Claudine,382218,1
Tabb,387472,2
Blake,360555,2
Jeannine,328556,2
Rutherford,342405,2
Kevin,429252,1
Gabie,471166,2
Stacy,333785,1
Enrika,490707,1
Chilton,348649,2
Elsinore,425910,2
Aurelie,485836,2
Trina,447027,2
Galvin,459639,2
Wenda,406329,1
Adelle,392450,1
Ax,418558,1
Brannon,463742,2
Amitie,430666,1
Blisse,411541,2
Egbert,390647,1
Jaquelyn,418876,1
Garrott,404855,2
Marlena,406620,1
Nerte,325940,1
Shelbi,333396,2
Ailina,376929,1
Krishnah,455097,2
Shell,315599,2
Minnnie,411764,1
Reiko,483919,2
Blayne,464378,2
Rosaleen,393040,1
Celina,453616,2
Callida,329683,2
Meade,320159,2
Cati,382792,2
Filberte,463345,2
Traver,442256,2
Mano,449683,1
Stephen,471613,2
Wildon,397286,1
Dennison,472669,1
Mal,478967,1
Terese,303634,2
Ashien,372849,2
Knox,322326,1
Aloise,487686,1
Micah,441115,1
Kalie,398270,1
Gwenora,430390,2
Dion,459194,1
Cletus,449465,2
Gwynne,326744,2
Floria,483986,2
Francois,350430,2
Kirk,362894,1
Emalee,388865,1
Leopold,329490,1
Crissie,438147,2
Gaelan,473414,2
Steve,476701,1
Carlynne,473555,1
Fayre,363820,2
Martha,339966,1
Riki,428390,1
Weidar,320410,1
Ardisj,346123,2
Melvyn,312369,2
Saleem,480349,2
Veriee,349523,2
Gwenore,400226,2
Van,391692,2
Tabbie,361057,2
Nevsa,464180,2
Manny,319790,1
Ketty,399156,1
Lynelle,498592,1
Idelle,408211,2
Francklyn,466759,1
Livvyy,457185,2
Nappie,473551,1
Evangelia,469722,2
Camilla,447964,2
Loraine,439496,1
Delainey,350220,1
Willy,351442,1
Rubie,412486,2
Guenevere,477027,1
Lynnea,351204,1
Jessie,340982,2
Maribelle,389603,2
Waldo,320544,2
Anita,354338,2
Sabine,479102,2
Dona,394789,1
Sophey,303398,1
Gwenni,390158,1
Thebault,462418,2
Antone,328876,2
Marla,322816,2
Cirstoforo,396095,1
Chloette,318229,2
Gretchen,314145,1
Floris,391799,2
Rania,385596,1
Evangelina,387778,1
Kristina,305909,2
Polly,348859,1
Hamid,377404,1
Valerye,322730,2
Bill,304671,1
Gwyn,353855,1
Kingston,358158,1
Vivie,360534,2
Gregg,340042,1
Gerick,478122,2
Hobart,352683,1
Morly,386674,2
Killy,430071,1
Othello,333426,2
Hart,483112,1
Timmi,310488,1
Romain,460813,2
Philly,408613,2
Ulberto,361748,1
Rodrick,473262,2
Bil,374457,1
Morton,305159,1
Sylas,302385,2
Miquela,396901,2
Jerald,381324,2
Ricky,331232,1
Drud,346841,1
Gaby,383482,2
Florenza,386634,1
Walt,321618,2
Fionna,391672,1
Lorry,452635,2
Rollie,354806,1
Belita,306465,1
Agnes,474323,1
Laird,465818,2
Alfonse,392177,1
Wadsworth,329141,2
Lew,343333,2
Smith,388444,1
Trefor,472394,1
Parnell,479711,2
Ellie,411510,1
Marius,497933,2
Brandie,492688,1
Priscella,378524,1
Serena,466344,1
Kit,456201,2
Solomon,371780,1
Merrilee,437490,1
Flo,367112,2
Tricia,345420,2
Auberon,350897,2
Aurelea,305152,1
Arlinda,420768,1
Gilberte,389466,2
Wilma,387496,1
Dino,379952,1
Hasty,401665,1
Meir,375312,1
Wallis,414751,1
Kristen,377229,1
Rob,382525,2
Benedikta,434037,1
Cairistiona,313680,1
Legra,354394,1
Wallis,479619,2
Niel,343217,2
Jay,450288,2
Wilek,394161,2
Shawna,470382,2
Cecilla,433363,1
Isaiah,413560,1
Clare,413038,1
Johannes,388948,2
Dionis,423799,1
Babbie,476541,2
Rayshell,329259,1
Phylis,413380,2
Gavrielle,469700,1
Svend,467669,2
Lucienne,497971,1
Abbott,302570,1
Meggy,442612,1
Bowie,337628,1
Eustacia,455314,2
Fayth,325597,2
Bil,339293,2
Jemmie,455881,2
Northrop,379168,2
Byrle,385758,2
Gabriele,416910,2
Delinda,476113,1
Alexa,316431,1
Adina,413596,1
Tisha,459859,1
Kinny,461312,1
Sib,458397,1
Jenna,424465,1
Alix,470164,1
Keene,357748,2
Sasha,338262,2
Enrica,423314,2
Adaline,432594,1
Ruben,368385,2
Bev,320807,2
Coleman,323552,1
Tad,303047,2
Brigida,482137,2
Karlotta,300386,1
Clio,397407,2
Godard,338333,2
Terrell,345868,2
Tristam,455936,2
Sarah,308074,1
Nickolai,427990,2
Elna,331999,1
Gabriel,360181,1
Myles,365005,2
Kizzee,301929,1
Beryl,401383,2
Tobie,491074,1
Blakelee,437520,1
Archer,333584,2
Issy,385672,1
Yoko,394994,1
Lindy,476951,1
Gail,316308,1
Adelaide,452057,2
Devora,310735,2
Vinny,341439,2
Mufi,429901,2
Rosalie,339165,2
Deanne,474604,1
Em,382348,1
Haroun,374932,2
Weylin,336993,2
Fields,343249,1
Courtnay,339294,1
Mickie,483031,2
Clemente,466624,2
Audie,377126,2
Jodie,477156,1
Ajay,474676,2
Jessamine,307315,2
Charla,453787,1
Keary,485923,1
Erda,411231,1
Elka,486368,2
Bel,481467,1
Jaclyn,459666,1
Brandice,343673,1
Johnathan,374337,1
Howard,333224,1
Danny,439279,2
Fanya,410003,1
Winnie,491858,1
Joana,370155,2
Ceil,414953,1
Vonni,380684,2
Eda,389892,1
Franciska,400967,1
Alvira,451512,1
Suzi,425317,1
Vail,397307,1
Chandler,375966,1
Genna,424787,1
Sheri,408748,1
Fredericka,388431,2
Korella,427461,2
Perry,333718,1
Trixie,494713,2
Lizabeth,387257,2
Shaina,352309,2
Patten,418266,2
Frazer,339471,2
Erin,427984,1
Kirbie,458573,2
Abel,339994,2
Corty,426652,2
Meara,346030,2
Julee,448208,2
Hunter,366509,1
Augustine,413824,1
Brendis,322561,2
Hamil,321881,1
Garfield,324382,1
Fran,339326,1
Cordy,327745,2
Hedi,410191,1
Edwin,467658,1
Tressa,424153,2
Kristel,367980,2
Gallard,456651,2
Lorri,490364,2
Orsola,351327,1
Shela,331520,2
Forrester,328660,2
Sydney,470697,1
Demetris,430614,1
Elton,424179,2
Truman,462537,2
Bay,342489,2
Yankee,350864,1
Anica,340632,1
Celestyna,325130,2
Hayward,435543,2
Belia,433145,2
Niven,365077,2
Hersch,425746,2
Vern,330132,2
Eddie,365626,2
Sherm,384286,2
Adena,486011,1
Miles,401853,2
Peder,432088,2
Ardisj,410444,2
Amble,359663,2
Vivianna,335226,2
Ferdinand,328339,2
Jens,426073,1
Jelene,403500,2
Jeddy,403752,1
Lorettalorna,343657,1
Lyndel,460961,1
Burnard,325430,2
Alexandre,421751,1
Donny,310814,2
Mychal,450878,1
Bianka,353956,2
Lilla,349253,1
Lyle,353777,2
Martino,474904,2
Francene,428674,2
Lief,484822,1
Talya,403597,1
Manny,395556,2
Alonzo,405379,1
Terrence,391551,2
Elfrieda,474070,2
Adelle,320165,1
Marcelle,331686,2
Alvan,486492,2
Minette,412343,1
Hieronymus,411823,2
Vivian,404777,2
Hoyt,482229,1
Creigh,300928,1
Tonie,353008,1
Melva,403467,1
Biddie,461101,2
Colman,421608,1
Dot,351763,2
Burl,409638,2
Mick,381692,2
Raquela,417714,2
Syman,308078,2
Gnni,389781,2
Meyer,370004,2
Selena,388334,2
Hobey,401499,2
Tiphany,439620,2
Monique,374837,1
Mattie,493864,1
Kayla,483989,2
Gabie,434992,1
Joly,401322,2
Trent,361940,1
Cristian,475343,2
Mendy,466633,2
Kikelia,384755,1
Ives,413912,1
Cinderella,412479,1
Concordia,401438,1
Nyssa,437009,2
Fernando,349501,1
Rozina,310787,2
Kippy,404656,2
Basilius,316277,2
Sela,412201,2
Sayers,392561,2
Kirsten,475241,2
Jermaine,339485,2
Jasun,410902,1
Daisi,436371,1
Crystie,480559,2
Nanette,345400,1
Jillie,417154,1
Gaby,301041,2
Ernesta,378744,1
Hartwell,460288,2
Dodi,493292,2
Andi,324547,2
Mildrid,419549,2
Cass,378878,2
Aland,459003,2
Cassandre,309404,1
Stern,410720,2
Eachelle,387625,2
Tabitha,366465,2
Letitia,316367,2
Emlynn,332360,2
Minnnie,412451,1
Adrea,459395,1
Ermengarde,351670,1
Parrnell,411090,2
Merrili,410055,1
Obadias,468728,1
Kassi,352876,1
Anatol,371440,1
Marni,369683,1
Forster,352491,1
Jerrie,409891,1
Brenda,346343,2
Ernaline,410497,1
Vernon,457573,1
Perrine,356638,1
Roi,435389,2
Mada,359723,2
Kynthia,328967,2
Malvina,351922,2
Trip,499911,2
Bili,374730,2
Ara,458343,2
Ruthe,469210,2
Patty,342172,1
Danice,317373,2
Shina,300025,2
Alvy,306197,2
Maegan,453060,2
Winnie,482390,1
Haze,496576,1
Mick,463539,1
Abe,480236,2
Theressa,331420,2
Karine,487184,2
Adamo,433395,2
Roland,486979,1
Fleming,438222,1
Janella,413107,2
Nikola,491491,2
Cullen,378208,1
Skipton,336011,1
Valencia,482663,2
Winona,476199,2
Lon,374825,2
Marley,399652,2
Craggie,309331,2
Filbert,494667,2
Clarance,498495,1
Bethena,366468,2
Sofie,486907,1
Melamie,468390,2
Shanta,463615,2
Wyatan,381744,1
Cynthie,492621,2
Crawford,327543,2
Arvy,380816,1
Javier,347460,1
Max,347437,2
Dacie,347254,2
Antonella,433193,1
Gwendolin,429677,2
Cornelius,404291,2
Lulu,495087,1
Karee,339578,1
Gael,499222,2
Palm,431174,1
Liam,410517,1
Diandra,417879,1
Pooh,336862,2
Emlynn,473320,1
Idaline,374420,1
Harper,413314,1
Humphrey,414026,2
Sisile,389343,2
Brandtr,339340,1
Fredericka,308733,2
Munroe,461856,2
Martyn,496913,1
Ilario,353861,2
Estell,374053,2
Adelind,485949,2
Alaine,336716,2
Issiah,449803,1
Batholomew,494147,2
Klarrisa,360938,2
Eugenie,333246,2
Georges,383200,1
Joelle,497348,2
Vivie,390780,2
Nita,328350,1
Junia,436687,1
Donal,426790,1
Isaak,459427,1
Arel,361280,1
Hillier,358099,1
Teador,330956,2
Caralie,396924,2
Malcolm,485022,2
Cointon,388022,2
Huntington,474949,2
Carmel,459816,2
Lorna,438559,1
Roddy,345810,2
Birgit,424699,2
Gwenni,335213,2
Hugh,426664,2
Mia,309167,2
Sherry,373286,1
Herbert,387766,2
Jordana,395326,2
Sally,477541,1
Terri,464542,2
Roseanne,494317,2
Winny,376831,2
Tamma,368170,1
Berty,465041,1
Corrie,336958,1
Vladamir,383698,2
Rees,335220,1
Willetta,307784,2
Cordey,311408,2
Janessa,405588,1
Misti,411121,1
Salomi,344032,1
Briant,348209,1
Enrique,339495,2
Guenna,305256,2
Leilah,367746,1
Shell,398405,2
Spense,458511,1
Galvin,397734,1
Isabelita,379569,2
Anabel,413920,2
Tobit,422054,2
Nicole,402309,1
Nerty,419864,2
Garwood,362295,2
Katha,425780,2
Ferrel,446366,1
Grissel,366600,2
Andrus,444353,1
Mandi,453474,1
Marita,337052,2
Trixi,443543,2
Honoria,457975,1
Arnie,494905,1
Gwyneth,309456,1
Rogers,491174,2
Marje,373155,1
Roldan,337556,2
Georgie,380896,1
Elfie,426830,1
Ora,483466,1
Nero,388723,2
Eden,456826,1
Denni,480107,1
Maressa,410189,1
Cookie,309155,2
Katerine,339826,2
Cherice,434106,1
Brucie,368414,1
Heidie,356897,2
Pippo,361634,1
Dmitri,393363,1
Klement,345834,1
Verla,332051,1
Glennie,361632,1
Shel,486243,1
Ardyth,481816,1
Claudette,384294,1
Stesha,407487,1
Nannette,345805,2
Carita,343749,2
Joy,328722,2
Cristy,305198,1
Minna,488844,2
Kirstin,453017,2
Alanna,314370,1
Anastassia,469278,2
Chic,359838,1
Jackelyn,451375,2
Maryjo,394872,1
Claudetta,402984,2
Sadella,408749,2
Lilllie,350018,2
Charil,348331,1
Kaile,461845,1
Leora,303197,2
Etta,376972,2
Eddie,327435,2
Murdoch,387563,1
Torrie,455085,1
Dolf,493483,2
Dorian,352553,1
Hadrian,327980,1
Jobie,379387,1
Rodolph,321417,2
Bealle,368042,1
Hollie,414610,1
Clayson,472569,2
Kimberlee,425130,2
Killy,309834,2
Garrard,387243,1
Tedman,438358,1
Fredra,445890,1
Ezechiel,337751,1
Tessa,310674,2
Royal,472254,1
Leroi,376933,2
Ainslee,438840,1
Jard,496080,1
Cosimo,326003,1
Alexine,331989,1
Raina,450976,2
Kriste,341560,1
Grove,432357,1
Roch,347856,1
Danika,363736,1
Adaline,368174,1
Raquel,413542,1
Delcine,464721,1
Ignacio,431332,2
Binny,314091,2
Madelle,381944,2
Tucky,388246,2
Willamina,422073,2
Siegfried,428286,2
Gunther,370496,2
Benny,451708,2
Edd,395498,2
Clarinda,425635,2
Reagen,402824,1
Kenn,413143,2
Caroljean,354628,2
Lincoln,380160,2
Maryann,443969,1
Ellary,428999,1
Gherardo,462171,2
Timoteo,438072,2